<?xml version="1.0" encoding="UTF-8"?>
<root>
  <item name="com.ktpci.beacon.pciutil.PCIStorage boolean contains(android.content.Context, java.lang.String) 1">
    <annotation name="androidx.annotation.StringDef">
      <val name="value" val="{com.ktpci.beacon.pciutil.PCIStorageKey.UUID, com.ktpci.beacon.pciutil.PCIStorageKey.STATE, com.ktpci.beacon.pciutil.PCIStorageKey.REGIDATE, com.ktpci.beacon.pciutil.PCIStorageKey.SECRETADID, com.ktpci.beacon.pciutil.PCIStorageKey.RUNNINGABLE, com.ktpci.beacon.pciutil.PCIStorageKey.APP_VERSION}" />
    </annotation>
  </item>
  <item name="com.ktpci.beacon.pciutil.PCIStorage boolean getBoolean(android.content.Context, java.lang.String, boolean) 1">
    <annotation name="androidx.annotation.StringDef">
      <val name="value" val="{com.ktpci.beacon.pciutil.PCIStorageKey.UUID, com.ktpci.beacon.pciutil.PCIStorageKey.STATE, com.ktpci.beacon.pciutil.PCIStorageKey.REGIDATE, com.ktpci.beacon.pciutil.PCIStorageKey.SECRETADID, com.ktpci.beacon.pciutil.PCIStorageKey.RUNNINGABLE, com.ktpci.beacon.pciutil.PCIStorageKey.APP_VERSION}" />
    </annotation>
  </item>
  <item name="com.ktpci.beacon.pciutil.PCIStorage com.ktpci.beacon.pciutil.PCIStorage.PCIGsonConverter loadGson(android.content.Context, java.lang.String) 1">
    <annotation name="androidx.annotation.StringDef">
      <val name="value" val="{com.ktpci.beacon.pciutil.PCIStorageKey.UUID, com.ktpci.beacon.pciutil.PCIStorageKey.STATE, com.ktpci.beacon.pciutil.PCIStorageKey.REGIDATE, com.ktpci.beacon.pciutil.PCIStorageKey.SECRETADID, com.ktpci.beacon.pciutil.PCIStorageKey.RUNNINGABLE, com.ktpci.beacon.pciutil.PCIStorageKey.APP_VERSION}" />
    </annotation>
  </item>
  <item name="com.ktpci.beacon.pciutil.PCIStorage float getFloat(android.content.Context, java.lang.String, float) 1">
    <annotation name="androidx.annotation.StringDef">
      <val name="value" val="{com.ktpci.beacon.pciutil.PCIStorageKey.UUID, com.ktpci.beacon.pciutil.PCIStorageKey.STATE, com.ktpci.beacon.pciutil.PCIStorageKey.REGIDATE, com.ktpci.beacon.pciutil.PCIStorageKey.SECRETADID, com.ktpci.beacon.pciutil.PCIStorageKey.RUNNINGABLE, com.ktpci.beacon.pciutil.PCIStorageKey.APP_VERSION}" />
    </annotation>
  </item>
  <item name="com.ktpci.beacon.pciutil.PCIStorage int getInt(android.content.Context, java.lang.String, int) 1">
    <annotation name="androidx.annotation.StringDef">
      <val name="value" val="{com.ktpci.beacon.pciutil.PCIStorageKey.UUID, com.ktpci.beacon.pciutil.PCIStorageKey.STATE, com.ktpci.beacon.pciutil.PCIStorageKey.REGIDATE, com.ktpci.beacon.pciutil.PCIStorageKey.SECRETADID, com.ktpci.beacon.pciutil.PCIStorageKey.RUNNINGABLE, com.ktpci.beacon.pciutil.PCIStorageKey.APP_VERSION}" />
    </annotation>
  </item>
  <item name="com.ktpci.beacon.pciutil.PCIStorage java.lang.Boolean getBooleanNullable(android.content.Context, java.lang.String) 1">
    <annotation name="androidx.annotation.StringDef">
      <val name="value" val="{com.ktpci.beacon.pciutil.PCIStorageKey.UUID, com.ktpci.beacon.pciutil.PCIStorageKey.STATE, com.ktpci.beacon.pciutil.PCIStorageKey.REGIDATE, com.ktpci.beacon.pciutil.PCIStorageKey.SECRETADID, com.ktpci.beacon.pciutil.PCIStorageKey.RUNNINGABLE, com.ktpci.beacon.pciutil.PCIStorageKey.APP_VERSION}" />
    </annotation>
  </item>
  <item name="com.ktpci.beacon.pciutil.PCIStorage java.lang.String getString(android.content.Context, java.lang.String, java.lang.String) 1">
    <annotation name="androidx.annotation.StringDef">
      <val name="value" val="{com.ktpci.beacon.pciutil.PCIStorageKey.UUID, com.ktpci.beacon.pciutil.PCIStorageKey.STATE, com.ktpci.beacon.pciutil.PCIStorageKey.REGIDATE, com.ktpci.beacon.pciutil.PCIStorageKey.SECRETADID, com.ktpci.beacon.pciutil.PCIStorageKey.RUNNINGABLE, com.ktpci.beacon.pciutil.PCIStorageKey.APP_VERSION}" />
    </annotation>
  </item>
  <item name="com.ktpci.beacon.pciutil.PCIStorage java.lang.String getStringNullable(android.content.Context, java.lang.String) 1">
    <annotation name="androidx.annotation.StringDef">
      <val name="value" val="{com.ktpci.beacon.pciutil.PCIStorageKey.UUID, com.ktpci.beacon.pciutil.PCIStorageKey.STATE, com.ktpci.beacon.pciutil.PCIStorageKey.REGIDATE, com.ktpci.beacon.pciutil.PCIStorageKey.SECRETADID, com.ktpci.beacon.pciutil.PCIStorageKey.RUNNINGABLE, com.ktpci.beacon.pciutil.PCIStorageKey.APP_VERSION}" />
    </annotation>
  </item>
  <item name="com.ktpci.beacon.pciutil.PCIStorage long getLong(android.content.Context, java.lang.String, long) 1">
    <annotation name="androidx.annotation.StringDef">
      <val name="value" val="{com.ktpci.beacon.pciutil.PCIStorageKey.UUID, com.ktpci.beacon.pciutil.PCIStorageKey.STATE, com.ktpci.beacon.pciutil.PCIStorageKey.REGIDATE, com.ktpci.beacon.pciutil.PCIStorageKey.SECRETADID, com.ktpci.beacon.pciutil.PCIStorageKey.RUNNINGABLE, com.ktpci.beacon.pciutil.PCIStorageKey.APP_VERSION}" />
    </annotation>
  </item>
  <item name="com.ktpci.beacon.pciutil.PCIStorage void countInt(android.content.Context, java.lang.String) 1">
    <annotation name="androidx.annotation.StringDef">
      <val name="value" val="{com.ktpci.beacon.pciutil.PCIStorageKey.UUID, com.ktpci.beacon.pciutil.PCIStorageKey.STATE, com.ktpci.beacon.pciutil.PCIStorageKey.REGIDATE, com.ktpci.beacon.pciutil.PCIStorageKey.SECRETADID, com.ktpci.beacon.pciutil.PCIStorageKey.RUNNINGABLE, com.ktpci.beacon.pciutil.PCIStorageKey.APP_VERSION}" />
    </annotation>
  </item>
  <item name="com.ktpci.beacon.pciutil.PCIStorage void countLong(android.content.Context, java.lang.String) 1">
    <annotation name="androidx.annotation.StringDef">
      <val name="value" val="{com.ktpci.beacon.pciutil.PCIStorageKey.UUID, com.ktpci.beacon.pciutil.PCIStorageKey.STATE, com.ktpci.beacon.pciutil.PCIStorageKey.REGIDATE, com.ktpci.beacon.pciutil.PCIStorageKey.SECRETADID, com.ktpci.beacon.pciutil.PCIStorageKey.RUNNINGABLE, com.ktpci.beacon.pciutil.PCIStorageKey.APP_VERSION}" />
    </annotation>
  </item>
  <item name="com.ktpci.beacon.pciutil.PCIStorage void put(android.content.Context, java.lang.String, boolean) 1">
    <annotation name="androidx.annotation.StringDef">
      <val name="value" val="{com.ktpci.beacon.pciutil.PCIStorageKey.UUID, com.ktpci.beacon.pciutil.PCIStorageKey.STATE, com.ktpci.beacon.pciutil.PCIStorageKey.REGIDATE, com.ktpci.beacon.pciutil.PCIStorageKey.SECRETADID, com.ktpci.beacon.pciutil.PCIStorageKey.RUNNINGABLE, com.ktpci.beacon.pciutil.PCIStorageKey.APP_VERSION}" />
    </annotation>
  </item>
  <item name="com.ktpci.beacon.pciutil.PCIStorage void put(android.content.Context, java.lang.String, float) 1">
    <annotation name="androidx.annotation.StringDef">
      <val name="value" val="{com.ktpci.beacon.pciutil.PCIStorageKey.UUID, com.ktpci.beacon.pciutil.PCIStorageKey.STATE, com.ktpci.beacon.pciutil.PCIStorageKey.REGIDATE, com.ktpci.beacon.pciutil.PCIStorageKey.SECRETADID, com.ktpci.beacon.pciutil.PCIStorageKey.RUNNINGABLE, com.ktpci.beacon.pciutil.PCIStorageKey.APP_VERSION}" />
    </annotation>
  </item>
  <item name="com.ktpci.beacon.pciutil.PCIStorage void put(android.content.Context, java.lang.String, int) 1">
    <annotation name="androidx.annotation.StringDef">
      <val name="value" val="{com.ktpci.beacon.pciutil.PCIStorageKey.UUID, com.ktpci.beacon.pciutil.PCIStorageKey.STATE, com.ktpci.beacon.pciutil.PCIStorageKey.REGIDATE, com.ktpci.beacon.pciutil.PCIStorageKey.SECRETADID, com.ktpci.beacon.pciutil.PCIStorageKey.RUNNINGABLE, com.ktpci.beacon.pciutil.PCIStorageKey.APP_VERSION}" />
    </annotation>
  </item>
  <item name="com.ktpci.beacon.pciutil.PCIStorage void put(android.content.Context, java.lang.String, java.lang.String) 1">
    <annotation name="androidx.annotation.StringDef">
      <val name="value" val="{com.ktpci.beacon.pciutil.PCIStorageKey.UUID, com.ktpci.beacon.pciutil.PCIStorageKey.STATE, com.ktpci.beacon.pciutil.PCIStorageKey.REGIDATE, com.ktpci.beacon.pciutil.PCIStorageKey.SECRETADID, com.ktpci.beacon.pciutil.PCIStorageKey.RUNNINGABLE, com.ktpci.beacon.pciutil.PCIStorageKey.APP_VERSION}" />
    </annotation>
  </item>
  <item name="com.ktpci.beacon.pciutil.PCIStorage void put(android.content.Context, java.lang.String, long) 1">
    <annotation name="androidx.annotation.StringDef">
      <val name="value" val="{com.ktpci.beacon.pciutil.PCIStorageKey.UUID, com.ktpci.beacon.pciutil.PCIStorageKey.STATE, com.ktpci.beacon.pciutil.PCIStorageKey.REGIDATE, com.ktpci.beacon.pciutil.PCIStorageKey.SECRETADID, com.ktpci.beacon.pciutil.PCIStorageKey.RUNNINGABLE, com.ktpci.beacon.pciutil.PCIStorageKey.APP_VERSION}" />
    </annotation>
  </item>
  <item name="com.ktpci.beacon.pciutil.PCIStorage void remove(android.content.Context, java.lang.String) 1">
    <annotation name="androidx.annotation.StringDef">
      <val name="value" val="{com.ktpci.beacon.pciutil.PCIStorageKey.UUID, com.ktpci.beacon.pciutil.PCIStorageKey.STATE, com.ktpci.beacon.pciutil.PCIStorageKey.REGIDATE, com.ktpci.beacon.pciutil.PCIStorageKey.SECRETADID, com.ktpci.beacon.pciutil.PCIStorageKey.RUNNINGABLE, com.ktpci.beacon.pciutil.PCIStorageKey.APP_VERSION}" />
    </annotation>
  </item>
  <item name="com.ktpci.beacon.pciutil.PCIStorage void saveGson(android.content.Context, java.lang.String, T) 1">
    <annotation name="androidx.annotation.StringDef">
      <val name="value" val="{com.ktpci.beacon.pciutil.PCIStorageKey.UUID, com.ktpci.beacon.pciutil.PCIStorageKey.STATE, com.ktpci.beacon.pciutil.PCIStorageKey.REGIDATE, com.ktpci.beacon.pciutil.PCIStorageKey.SECRETADID, com.ktpci.beacon.pciutil.PCIStorageKey.RUNNINGABLE, com.ktpci.beacon.pciutil.PCIStorageKey.APP_VERSION}" />
    </annotation>
  </item>
</root>

