<?xml version="1.0" encoding="UTF-8"?>
<root>
  <item name="com.ktpci.beacon.PCI int agreeTerms(java.lang.String, java.lang.String, int)">
    <annotation name="androidx.annotation.IntDef">
      <val name="value" val="{com.ktpci.beacon.PCI.SUCCESS, com.ktpci.beacon.PCI.INVALID_ARGUMENTS, com.ktpci.beacon.PCI.NO_MATCHED_NOTIFIER_NAME}" />
    </annotation>
  </item>
  <item name="com.ktpci.beacon.PCI int disagreeTerms()">
    <annotation name="androidx.annotation.IntDef">
      <val name="value" val="{com.ktpci.beacon.PCI.SUCCESS, com.ktpci.beacon.PCI.INVALID_ARGUMENTS, com.ktpci.beacon.PCI.NO_MATCHED_NOTIFIER_NAME}" />
    </annotation>
  </item>
  <item name="com.ktpci.beacon.PCI int optIn()">
    <annotation name="androidx.annotation.IntDef">
      <val name="value" val="{com.ktpci.beacon.PCI.SUCCESS, com.ktpci.beacon.PCI.INVALID_ARGUMENTS, com.ktpci.beacon.PCI.NO_MATCHED_NOTIFIER_NAME}" />
    </annotation>
  </item>
  <item name="com.ktpci.beacon.PCI int optOut()">
    <annotation name="androidx.annotation.IntDef">
      <val name="value" val="{com.ktpci.beacon.PCI.SUCCESS, com.ktpci.beacon.PCI.INVALID_ARGUMENTS, com.ktpci.beacon.PCI.NO_MATCHED_NOTIFIER_NAME}" />
    </annotation>
  </item>
</root>

